{
  "framework_name": "EFQRCode.framework",
  "static_framework": false,
  "resources": [

  ],
  "resource_bundles": [

  ],
  "build_settings": {
    "ARCHS": [
      "armv7",
      "armv7s",
      "arm64",
      "x86_64"
    ],
    "BUILD_LIBRARY_FOR_DISTRIBUTION": "YES",
    "CODE_SIGN_IDENTITY[sdk=appletvos*]": "",
    "CODE_SIGN_IDENTITY[sdk=iphoneos*]": "",
    "CODE_SIGN_IDENTITY[sdk=watchos*]": "",
    "CURRENT_PROJECT_VERSION": "1",
    "DEFINES_MODULE": "YES",
    "DYLIB_COMPATIBILITY_VERSION": "1",
    "DYLIB_CURRENT_VERSION": "1",
    "DYLIB_INSTALL_NAME_BASE": "@rpath",
    "GCC_PREFIX_HEADER": "Target Support Files/EFQRCode/EFQRCode-prefix.pch",
    "INFOPLIST_FILE": "Target Support Files/EFQRCode/EFQRCode-Info.plist",
    "INSTALL_PATH": "$(LOCAL_LIBRARY_DIR)/Frameworks",
    "IPHONEOS_DEPLOYMENT_TARGET": "8.0",
    "LD_RUNPATH_SEARCH_PATHS": "$(inherited) @executable_path/Frameworks @loader_path/Frameworks",
    "MODULEMAP_FILE": "Target Support Files/EFQRCode/EFQRCode.modulemap",
    "ONLY_ACTIVE_ARCH": "NO",
    "OTHER_LDFLAGS": "$(inherited)",
    "PRODUCT_MODULE_NAME": "EFQRCode",
    "PRODUCT_NAME": "EFQRCode",
    "SDKROOT": "iphoneos",
    "SKIP_INSTALL": "YES",
    "SWIFT_ACTIVE_COMPILATION_CONDITIONS": "$(inherited) ",
    "SWIFT_VERSION": "5.0",
    "TARGETED_DEVICE_FAMILY": "1,2",
    "VERSIONING_SYSTEM": "apple-generic",
    "VERSION_INFO_PREFIX": ""
  },
  "source_hash": null,
  "project_root": "/Users/benj/Documents/Projects/Chat SDK/Chat SDK iOS/Master/ChatSDKPublic"
}